{"0": {"mass1": 1000000.0, "mass2": 1000000.0, "spin1z": 0, "spin2z": 0, "additional_end_data": 1050, "distance": 27658.011507544677, "eclipticlongitude": 3.448296944257913, "eclipticlatitude": 0.44491231446252155, "inclination": 0.9238365050097769, "polarization": 3.4236020095353483, "coa_phase": 2.661901610522322, "tc": 1931852406.9997194, "fullband_snr": 1975.3366378895068}, "1": {"mass1": 2000000.0, "mass2": 500000.0, "spin1z": 0, "spin2z": 0, "additional_end_data": 3400, "distance": 17396.850629145487, "eclipticlongitude": 1.511874130487783, "eclipticlatitude": 1.0722774218048856, "inclination": 1.5219123863802404, "polarization": 1.8684766077113053, "coa_phase": 2.3224672653814764, "tc": 1850956765.9960938, "fullband_snr": 2124.9923653512283}, "2": {"mass1": 1000000.0, "mass2": 700000.0, "spin1z": 0.4, "spin2z": -0.3, "additional_end_data": 100, "distance": 12042.46921545863, "eclipticlongitude": 1.4583343016752945, "eclipticlatitude": -0.1722924905732861, "inclination": 1.5295440885475848, "polarization": 1.3675749238311925, "coa_phase": 0.7983761246976228, "tc": 1868291191.9062066, "fullband_snr": 2049.831005667344}, "3": {"mass1": 2500000.0, "mass2": 2500000.0, "spin1z": 0.8, "spin2z": 0.9, "additional_end_data": 3100, "distance": 102915.54392849082, "eclipticlongitude": 2.4437937854726637, "eclipticlatitude": -0.8020410618129806, "inclination": 0.8234684341136533, "polarization": 2.042104116905267, "coa_phase": 0.08183849809563817, "tc": 1926982545.374564, "fullband_snr": 1990.547044671464}, "4": {"mass1": 10000000.0, "mass2": 10000000.0, "spin1z": 0, "spin2z": 0, "additional_end_data": 1700, "distance": 11259.17078067498, "eclipticlongitude": 1.5869904051335042, "eclipticlatitude": 0.14996886369957096, "inclination": 1.3754635180728996, "polarization": 4.671207869286342, "coa_phase": 1.0202872357498232, "tc": 1933561818.816041, "fullband_snr": 2396.2080558575117}}